"filename", "language", "JSON", "JavaScript", "YAML", "JSON with Comments", "TypeScript", "Markdown", "CSS", "HTML", "TypeScript JSX", "JavaScript JSX", "CMake", "C++", "XML", "comment", "blank", "total"
"c:\Users\hores\OneDrive - University College London\University\Year 2\COMP0016 - Systems Engineering\AudioVisuliserV3\.erb\bin\ffmpeg\doc\bootstrap.min.css", "CSS", 0, 0, 0, 0, 0, 0, 1, 0, 0, 0, 0, 0, 0, 4, 1, 6
"c:\Users\hores\OneDrive - University College London\University\Year 2\COMP0016 - Systems Engineering\AudioVisuliserV3\.erb\bin\ffmpeg\doc\community.html", "HTML", 0, 0, 0, 0, 0, 0, 0, 208, 0, 0, 0, 0, 0, 1, 19, 228
"c:\Users\hores\OneDrive - University College London\University\Year 2\COMP0016 - Systems Engineering\AudioVisuliserV3\.erb\bin\ffmpeg\doc\default.css", "CSS", 0, 0, 0, 0, 0, 0, 138, 0, 0, 0, 0, 0, 0, 0, 28, 166
"c:\Users\hores\OneDrive - University College London\University\Year 2\COMP0016 - Systems Engineering\AudioVisuliserV3\.erb\bin\ffmpeg\doc\developer.html", "HTML", 0, 0, 0, 0, 0, 0, 0, 1012, 0, 0, 0, 0, 0, 1, 140, 1153
"c:\Users\hores\OneDrive - University College London\University\Year 2\COMP0016 - Systems Engineering\AudioVisuliserV3\.erb\bin\ffmpeg\doc\faq.html", "HTML", 0, 0, 0, 0, 0, 0, 0, 731, 0, 0, 0, 0, 0, 1, 90, 822
"c:\Users\hores\OneDrive - University College London\University\Year 2\COMP0016 - Systems Engineering\AudioVisuliserV3\.erb\bin\ffmpeg\doc\fate.html", "HTML", 0, 0, 0, 0, 0, 0, 0, 351, 0, 0, 0, 0, 0, 1, 39, 391
"c:\Users\hores\OneDrive - University College London\University\Year 2\COMP0016 - Systems Engineering\AudioVisuliserV3\.erb\bin\ffmpeg\doc\ffmpeg-all.html", "HTML", 0, 0, 0, 0, 0, 0, 0, 63458, 0, 0, 0, 0, 0, 1, 4015, 67474
"c:\Users\hores\OneDrive - University College London\University\Year 2\COMP0016 - Systems Engineering\AudioVisuliserV3\.erb\bin\ffmpeg\doc\ffmpeg-bitstream-filters.html", "HTML", 0, 0, 0, 0, 0, 0, 0, 1189, 0, 0, 0, 0, 0, 1, 101, 1291
"c:\Users\hores\OneDrive - University College London\University\Year 2\COMP0016 - Systems Engineering\AudioVisuliserV3\.erb\bin\ffmpeg\doc\ffmpeg-codecs.html", "HTML", 0, 0, 0, 0, 0, 0, 0, 7329, 0, 0, 0, 0, 0, 1, 427, 7757
"c:\Users\hores\OneDrive - University College London\University\Year 2\COMP0016 - Systems Engineering\AudioVisuliserV3\.erb\bin\ffmpeg\doc\ffmpeg-devices.html", "HTML", 0, 0, 0, 0, 0, 0, 0, 2401, 0, 0, 0, 0, 0, 1, 212, 2614
"c:\Users\hores\OneDrive - University College London\University\Year 2\COMP0016 - Systems Engineering\AudioVisuliserV3\.erb\bin\ffmpeg\doc\ffmpeg-filters.html", "HTML", 0, 0, 0, 0, 0, 0, 0, 37326, 0, 0, 0, 0, 0, 1, 2522, 39849
"c:\Users\hores\OneDrive - University College London\University\Year 2\COMP0016 - Systems Engineering\AudioVisuliserV3\.erb\bin\ffmpeg\doc\ffmpeg-formats.html", "HTML", 0, 0, 0, 0, 0, 0, 0, 6095, 0, 0, 0, 0, 0, 1, 321, 6417
"c:\Users\hores\OneDrive - University College London\University\Year 2\COMP0016 - Systems Engineering\AudioVisuliserV3\.erb\bin\ffmpeg\doc\ffmpeg-protocols.html", "HTML", 0, 0, 0, 0, 0, 0, 0, 2423, 0, 0, 0, 0, 0, 1, 189, 2613
"c:\Users\hores\OneDrive - University College London\University\Year 2\COMP0016 - Systems Engineering\AudioVisuliserV3\.erb\bin\ffmpeg\doc\ffmpeg-resampler.html", "HTML", 0, 0, 0, 0, 0, 0, 0, 329, 0, 0, 0, 0, 0, 1, 21, 351
"c:\Users\hores\OneDrive - University College London\University\Year 2\COMP0016 - Systems Engineering\AudioVisuliserV3\.erb\bin\ffmpeg\doc\ffmpeg-scaler.html", "HTML", 0, 0, 0, 0, 0, 0, 0, 235, 0, 0, 0, 0, 0, 1, 19, 255
"c:\Users\hores\OneDrive - University College London\University\Year 2\COMP0016 - Systems Engineering\AudioVisuliserV3\.erb\bin\ffmpeg\doc\ffmpeg-utils.html", "HTML", 0, 0, 0, 0, 0, 0, 0, 1493, 0, 0, 0, 0, 0, 1, 54, 1548
"c:\Users\hores\OneDrive - University College London\University\Year 2\COMP0016 - Systems Engineering\AudioVisuliserV3\.erb\bin\ffmpeg\doc\ffmpeg.html", "HTML", 0, 0, 0, 0, 0, 0, 0, 3837, 0, 0, 0, 0, 0, 1, 222, 4060
"c:\Users\hores\OneDrive - University College London\University\Year 2\COMP0016 - Systems Engineering\AudioVisuliserV3\.erb\bin\ffmpeg\doc\ffplay-all.html", "HTML", 0, 0, 0, 0, 0, 0, 0, 50281, 0, 0, 0, 0, 0, 1, 3277, 53559
"c:\Users\hores\OneDrive - University College London\University\Year 2\COMP0016 - Systems Engineering\AudioVisuliserV3\.erb\bin\ffmpeg\doc\ffplay.html", "HTML", 0, 0, 0, 0, 0, 0, 0, 876, 0, 0, 0, 0, 0, 1, 38, 915
"c:\Users\hores\OneDrive - University College London\University\Year 2\COMP0016 - Systems Engineering\AudioVisuliserV3\.erb\bin\ffmpeg\doc\ffprobe-all.html", "HTML", 0, 0, 0, 0, 0, 0, 0, 50614, 0, 0, 0, 0, 0, 1, 3305, 53920
"c:\Users\hores\OneDrive - University College London\University\Year 2\COMP0016 - Systems Engineering\AudioVisuliserV3\.erb\bin\ffmpeg\doc\ffprobe.html", "HTML", 0, 0, 0, 0, 0, 0, 0, 1209, 0, 0, 0, 0, 0, 1, 66, 1276
"c:\Users\hores\OneDrive - University College London\University\Year 2\COMP0016 - Systems Engineering\AudioVisuliserV3\.erb\bin\ffmpeg\doc\general.html", "HTML", 0, 0, 0, 0, 0, 0, 0, 1332, 0, 0, 0, 0, 0, 1, 61, 1394
"c:\Users\hores\OneDrive - University College London\University\Year 2\COMP0016 - Systems Engineering\AudioVisuliserV3\.erb\bin\ffmpeg\doc\git-howto.html", "HTML", 0, 0, 0, 0, 0, 0, 0, 476, 0, 0, 0, 0, 0, 1, 86, 563
"c:\Users\hores\OneDrive - University College London\University\Year 2\COMP0016 - Systems Engineering\AudioVisuliserV3\.erb\bin\ffmpeg\doc\libavcodec.html", "HTML", 0, 0, 0, 0, 0, 0, 0, 61, 0, 0, 0, 0, 0, 1, 13, 75
"c:\Users\hores\OneDrive - University College London\University\Year 2\COMP0016 - Systems Engineering\AudioVisuliserV3\.erb\bin\ffmpeg\doc\libavdevice.html", "HTML", 0, 0, 0, 0, 0, 0, 0, 58, 0, 0, 0, 0, 0, 1, 13, 72
"c:\Users\hores\OneDrive - University College London\University\Year 2\COMP0016 - Systems Engineering\AudioVisuliserV3\.erb\bin\ffmpeg\doc\libavfilter.html", "HTML", 0, 0, 0, 0, 0, 0, 0, 57, 0, 0, 0, 0, 0, 1, 13, 71
"c:\Users\hores\OneDrive - University College London\University\Year 2\COMP0016 - Systems Engineering\AudioVisuliserV3\.erb\bin\ffmpeg\doc\libavformat.html", "HTML", 0, 0, 0, 0, 0, 0, 0, 61, 0, 0, 0, 0, 0, 1, 13, 75
"c:\Users\hores\OneDrive - University College London\University\Year 2\COMP0016 - Systems Engineering\AudioVisuliserV3\.erb\bin\ffmpeg\doc\libavutil.html", "HTML", 0, 0, 0, 0, 0, 0, 0, 79, 0, 0, 0, 0, 0, 1, 14, 94
"c:\Users\hores\OneDrive - University College London\University\Year 2\COMP0016 - Systems Engineering\AudioVisuliserV3\.erb\bin\ffmpeg\doc\libswresample.html", "HTML", 0, 0, 0, 0, 0, 0, 0, 77, 0, 0, 0, 0, 0, 1, 16, 94
"c:\Users\hores\OneDrive - University College London\University\Year 2\COMP0016 - Systems Engineering\AudioVisuliserV3\.erb\bin\ffmpeg\doc\libswscale.html", "HTML", 0, 0, 0, 0, 0, 0, 0, 71, 0, 0, 0, 0, 0, 1, 16, 88
"c:\Users\hores\OneDrive - University College London\University\Year 2\COMP0016 - Systems Engineering\AudioVisuliserV3\.erb\bin\ffmpeg\doc\mailing-list-faq.html", "HTML", 0, 0, 0, 0, 0, 0, 0, 372, 0, 0, 0, 0, 0, 1, 71, 444
"c:\Users\hores\OneDrive - University College London\University\Year 2\COMP0016 - Systems Engineering\AudioVisuliserV3\.erb\bin\ffmpeg\doc\nut.html", "HTML", 0, 0, 0, 0, 0, 0, 0, 192, 0, 0, 0, 0, 0, 1, 22, 215
"c:\Users\hores\OneDrive - University College London\University\Year 2\COMP0016 - Systems Engineering\AudioVisuliserV3\.erb\bin\ffmpeg\doc\platform.html", "HTML", 0, 0, 0, 0, 0, 0, 0, 336, 0, 0, 0, 0, 0, 1, 54, 391
"c:\Users\hores\OneDrive - University College London\University\Year 2\COMP0016 - Systems Engineering\AudioVisuliserV3\.erb\bin\ffmpeg\doc\style.min.css", "CSS", 0, 0, 0, 0, 0, 0, 1, 0, 0, 0, 0, 0, 0, 22, 1, 24
"c:\Users\hores\OneDrive - University College London\University\Year 2\COMP0016 - Systems Engineering\AudioVisuliserV3\.erb\configs\webpack.config.base.ts", "TypeScript", 0, 0, 0, 0, 56, 0, 0, 0, 0, 0, 0, 0, 0, 11, 9, 76
"c:\Users\hores\OneDrive - University College London\University\Year 2\COMP0016 - Systems Engineering\AudioVisuliserV3\.erb\configs\webpack.config.eslint.ts", "TypeScript", 0, 0, 0, 0, 1, 0, 0, 0, 0, 0, 0, 0, 0, 1, 2, 4
"c:\Users\hores\OneDrive - University College London\University\Year 2\COMP0016 - Systems Engineering\AudioVisuliserV3\.erb\configs\webpack.config.main.dev.ts", "TypeScript", 0, 0, 0, 0, 43, 0, 0, 0, 0, 0, 0, 0, 0, 12, 13, 68
"c:\Users\hores\OneDrive - University College London\University\Year 2\COMP0016 - Systems Engineering\AudioVisuliserV3\.erb\configs\webpack.config.main.prod.ts", "TypeScript", 0, 0, 0, 0, 53, 0, 0, 0, 0, 0, 0, 0, 0, 17, 14, 84
"c:\Users\hores\OneDrive - University College London\University\Year 2\COMP0016 - Systems Engineering\AudioVisuliserV3\.erb\configs\webpack.config.preload.dev.ts", "TypeScript", 0, 0, 0, 0, 40, 0, 0, 0, 0, 0, 0, 0, 0, 19, 13, 72
"c:\Users\hores\OneDrive - University College London\University\Year 2\COMP0016 - Systems Engineering\AudioVisuliserV3\.erb\configs\webpack.config.renderer.dev.dll.ts", "TypeScript", 0, 0, 0, 0, 47, 0, 0, 0, 0, 0, 0, 0, 0, 15, 16, 78
"c:\Users\hores\OneDrive - University College London\University\Year 2\COMP0016 - Systems Engineering\AudioVisuliserV3\.erb\configs\webpack.config.renderer.dev.ts", "TypeScript", 0, 0, 0, 0, 175, 0, 0, 0, 0, 0, 0, 0, 0, 34, 19, 228
"c:\Users\hores\OneDrive - University College London\University\Year 2\COMP0016 - Systems Engineering\AudioVisuliserV3\.erb\configs\webpack.config.renderer.prod.ts", "TypeScript", 0, 0, 0, 0, 111, 0, 0, 0, 0, 0, 0, 0, 0, 15, 16, 142
"c:\Users\hores\OneDrive - University College London\University\Year 2\COMP0016 - Systems Engineering\AudioVisuliserV3\.erb\configs\webpack.paths.ts", "TypeScript", 0, 0, 0, 0, 34, 0, 0, 0, 0, 0, 0, 0, 0, 0, 9, 43
"c:\Users\hores\OneDrive - University College London\University\Year 2\COMP0016 - Systems Engineering\AudioVisuliserV3\.erb\img\erb-banner.svg", "XML", 0, 0, 0, 0, 0, 0, 0, 0, 0, 0, 0, 0, 32, 0, 1, 33
"c:\Users\hores\OneDrive - University College London\University\Year 2\COMP0016 - Systems Engineering\AudioVisuliserV3\.erb\img\palette-sponsor-banner.svg", "XML", 0, 0, 0, 0, 0, 0, 0, 0, 0, 0, 0, 0, 6, 0, 1, 7
"c:\Users\hores\OneDrive - University College London\University\Year 2\COMP0016 - Systems Engineering\AudioVisuliserV3\.erb\mocks\fileMock.js", "JavaScript", 0, 1, 0, 0, 0, 0, 0, 0, 0, 0, 0, 0, 0, 0, 1, 2
"c:\Users\hores\OneDrive - University College London\University\Year 2\COMP0016 - Systems Engineering\AudioVisuliserV3\.erb\scripts\check-build-exists.ts", "TypeScript", 0, 0, 0, 0, 20, 0, 0, 0, 0, 0, 0, 0, 0, 1, 4, 25
"c:\Users\hores\OneDrive - University College London\University\Year 2\COMP0016 - Systems Engineering\AudioVisuliserV3\.erb\scripts\check-native-dep.js", "JavaScript", 0, 50, 0, 0, 0, 0, 0, 0, 0, 0, 0, 0, 0, 3, 2, 55
"c:\Users\hores\OneDrive - University College London\University\Year 2\COMP0016 - Systems Engineering\AudioVisuliserV3\.erb\scripts\check-node-env.js", "JavaScript", 0, 14, 0, 0, 0, 0, 0, 0, 0, 0, 0, 0, 0, 0, 3, 17
"c:\Users\hores\OneDrive - University College London\University\Year 2\COMP0016 - Systems Engineering\AudioVisuliserV3\.erb\scripts\check-port-in-use.js", "JavaScript", 0, 14, 0, 0, 0, 0, 0, 0, 0, 0, 0, 0, 0, 0, 3, 17
"c:\Users\hores\OneDrive - University College London\University\Year 2\COMP0016 - Systems Engineering\AudioVisuliserV3\.erb\scripts\clean.js", "JavaScript", 0, 21, 0, 0, 0, 0, 0, 0, 0, 0, 0, 0, 0, 5, 4, 30
"c:\Users\hores\OneDrive - University College London\University\Year 2\COMP0016 - Systems Engineering\AudioVisuliserV3\.erb\scripts\delete-source-maps.js", "JavaScript", 0, 14, 0, 0, 0, 0, 0, 0, 0, 0, 0, 0, 0, 0, 2, 16
"c:\Users\hores\OneDrive - University College London\University\Year 2\COMP0016 - Systems Engineering\AudioVisuliserV3\.erb\scripts\electron-rebuild.js", "JavaScript", 0, 19, 0, 0, 0, 0, 0, 0, 0, 0, 0, 0, 0, 0, 2, 21
"c:\Users\hores\OneDrive - University College London\University\Year 2\COMP0016 - Systems Engineering\AudioVisuliserV3\.erb\scripts\link-modules.ts", "TypeScript", 0, 0, 0, 0, 12, 0, 0, 0, 0, 0, 0, 0, 0, 0, 3, 15
"c:\Users\hores\OneDrive - University College London\University\Year 2\COMP0016 - Systems Engineering\AudioVisuliserV3\.erb\scripts\notarize.js", "JavaScript", 0, 33, 0, 0, 0, 0, 0, 0, 0, 0, 0, 0, 0, 0, 6, 39
"c:\Users\hores\OneDrive - University College London\University\Year 2\COMP0016 - Systems Engineering\AudioVisuliserV3\.eslintrc.js", "JavaScript", 0, 35, 0, 0, 0, 0, 0, 0, 0, 0, 0, 0, 0, 2, 1, 38
"c:\Users\hores\OneDrive - University College London\University\Year 2\COMP0016 - Systems Engineering\AudioVisuliserV3\.github\FUNDING.yml", "YAML", 0, 0, 3, 0, 0, 0, 0, 0, 0, 0, 0, 0, 0, 1, 2, 6
"c:\Users\hores\OneDrive - University College London\University\Year 2\COMP0016 - Systems Engineering\AudioVisuliserV3\.github\ISSUE_TEMPLATE\1-Bug_report.md", "Markdown", 0, 0, 0, 0, 0, 36, 0, 0, 0, 0, 0, 0, 0, 9, 23, 68
"c:\Users\hores\OneDrive - University College London\University\Year 2\COMP0016 - Systems Engineering\AudioVisuliserV3\.github\ISSUE_TEMPLATE\2-Question.md", "Markdown", 0, 0, 0, 0, 0, 7, 0, 0, 0, 0, 0, 0, 0, 9, 4, 20
"c:\Users\hores\OneDrive - University College London\University\Year 2\COMP0016 - Systems Engineering\AudioVisuliserV3\.github\ISSUE_TEMPLATE\3-Feature_request.md", "Markdown", 0, 0, 0, 0, 0, 5, 0, 0, 0, 0, 0, 0, 0, 9, 2, 16
"c:\Users\hores\OneDrive - University College London\University\Year 2\COMP0016 - Systems Engineering\AudioVisuliserV3\.github\config.yml", "YAML", 0, 0, 6, 0, 0, 0, 0, 0, 0, 0, 0, 0, 0, 0, 1, 7
"c:\Users\hores\OneDrive - University College London\University\Year 2\COMP0016 - Systems Engineering\AudioVisuliserV3\.github\stale.yml", "YAML", 0, 0, 11, 0, 0, 0, 0, 0, 0, 0, 0, 0, 0, 6, 1, 18
"c:\Users\hores\OneDrive - University College London\University\Year 2\COMP0016 - Systems Engineering\AudioVisuliserV3\.github\workflows\codeql-analysis.yml", "YAML", 0, 0, 31, 0, 0, 0, 0, 0, 0, 0, 0, 0, 0, 29, 12, 72
"c:\Users\hores\OneDrive - University College London\University\Year 2\COMP0016 - Systems Engineering\AudioVisuliserV3\.github\workflows\publish.yml", "YAML", 0, 0, 35, 0, 0, 0, 0, 0, 0, 0, 0, 0, 0, 4, 9, 48
"c:\Users\hores\OneDrive - University College London\University\Year 2\COMP0016 - Systems Engineering\AudioVisuliserV3\.github\workflows\test.yml", "YAML", 0, 0, 27, 0, 0, 0, 0, 0, 0, 0, 0, 0, 0, 0, 8, 35
"c:\Users\hores\OneDrive - University College London\University\Year 2\COMP0016 - Systems Engineering\AudioVisuliserV3\CHANGELOG.md", "Markdown", 0, 0, 0, 0, 0, 341, 0, 0, 0, 0, 0, 0, 0, 0, 193, 534
"c:\Users\hores\OneDrive - University College London\University\Year 2\COMP0016 - Systems Engineering\AudioVisuliserV3\CODE_OF_CONDUCT.md", "Markdown", 0, 0, 0, 0, 0, 57, 0, 0, 0, 0, 0, 0, 0, 0, 20, 77
"c:\Users\hores\OneDrive - University College London\University\Year 2\COMP0016 - Systems Engineering\AudioVisuliserV3\README.md", "Markdown", 0, 0, 0, 0, 0, 143, 0, 0, 0, 0, 0, 0, 0, 0, 50, 193
"c:\Users\hores\OneDrive - University College London\University\Year 2\COMP0016 - Systems Engineering\AudioVisuliserV3\assets\assets.d.ts", "TypeScript", 0, 0, 0, 0, 31, 0, 0, 0, 0, 0, 0, 0, 0, 0, 10, 41
"c:\Users\hores\OneDrive - University College London\University\Year 2\COMP0016 - Systems Engineering\AudioVisuliserV3\assets\icon.svg", "XML", 0, 0, 0, 0, 0, 0, 0, 0, 0, 0, 0, 0, 23, 0, 1, 24
"c:\Users\hores\OneDrive - University College London\University\Year 2\COMP0016 - Systems Engineering\AudioVisuliserV3\assets\particleList.json", "JSON", 16, 0, 0, 0, 0, 0, 0, 0, 0, 0, 0, 0, 0, 0, 0, 16
"c:\Users\hores\OneDrive - University College London\University\Year 2\COMP0016 - Systems Engineering\AudioVisuliserV3\assets\songData\1__CAdTJ5JU.json", "JSON", 19, 0, 0, 0, 0, 0, 0, 0, 0, 0, 0, 0, 0, 0, 0, 19
"c:\Users\hores\OneDrive - University College London\University\Year 2\COMP0016 - Systems Engineering\AudioVisuliserV3\assets\songData\25QyCxVkXwQ.json", "JSON", 35, 0, 0, 0, 0, 0, 0, 0, 0, 0, 0, 0, 0, 0, 1, 36
"c:\Users\hores\OneDrive - University College London\University\Year 2\COMP0016 - Systems Engineering\AudioVisuliserV3\assets\songData\5oYKonYBujg.json", "JSON", 19, 0, 0, 0, 0, 0, 0, 0, 0, 0, 0, 0, 0, 0, 0, 19
"c:\Users\hores\OneDrive - University College London\University\Year 2\COMP0016 - Systems Engineering\AudioVisuliserV3\assets\songData\GibiNy4d4gc.json", "JSON", 50, 0, 0, 0, 0, 0, 0, 0, 0, 0, 0, 0, 0, 0, 1, 51
"c:\Users\hores\OneDrive - University College London\University\Year 2\COMP0016 - Systems Engineering\AudioVisuliserV3\assets\songData\KSbwHzlcgs8.json", "JSON", 19, 0, 0, 0, 0, 0, 0, 0, 0, 0, 0, 0, 0, 0, 0, 19
"c:\Users\hores\OneDrive - University College London\University\Year 2\COMP0016 - Systems Engineering\AudioVisuliserV3\assets\songData\L0MK7qz13bU.json", "JSON", 43, 0, 0, 0, 0, 0, 0, 0, 0, 0, 0, 0, 0, 0, 1, 44
"c:\Users\hores\OneDrive - University College London\University\Year 2\COMP0016 - Systems Engineering\AudioVisuliserV3\assets\songData\SXKlJuO07eM.json", "JSON", 29, 0, 0, 0, 0, 0, 0, 0, 0, 0, 0, 0, 0, 0, 1, 30
"c:\Users\hores\OneDrive - University College London\University\Year 2\COMP0016 - Systems Engineering\AudioVisuliserV3\assets\songData\TeQ_TTyLGMs.json", "JSON", 49, 0, 0, 0, 0, 0, 0, 0, 0, 0, 0, 0, 0, 0, 1, 50
"c:\Users\hores\OneDrive - University College London\University\Year 2\COMP0016 - Systems Engineering\AudioVisuliserV3\assets\songData\X8HUhFSLnl0.json", "JSON", 19, 0, 0, 0, 0, 0, 0, 0, 0, 0, 0, 0, 0, 0, 0, 19
"c:\Users\hores\OneDrive - University College London\University\Year 2\COMP0016 - Systems Engineering\AudioVisuliserV3\assets\songData\ZbZSe6N_BXs.json", "JSON", 19, 0, 0, 0, 0, 0, 0, 0, 0, 0, 0, 0, 0, 0, 0, 19
"c:\Users\hores\OneDrive - University College London\University\Year 2\COMP0016 - Systems Engineering\AudioVisuliserV3\assets\songData\ZrX1XKtShSI.json", "JSON", 48, 0, 0, 0, 0, 0, 0, 0, 0, 0, 0, 0, 0, 0, 1, 49
"c:\Users\hores\OneDrive - University College London\University\Year 2\COMP0016 - Systems Engineering\AudioVisuliserV3\assets\songData\cHxCIQuWDd0.json", "JSON", 39, 0, 0, 0, 0, 0, 0, 0, 0, 0, 0, 0, 0, 0, 1, 40
"c:\Users\hores\OneDrive - University College London\University\Year 2\COMP0016 - Systems Engineering\AudioVisuliserV3\assets\songData\cNGjD0VG4R8.json", "JSON", 19, 0, 0, 0, 0, 0, 0, 0, 0, 0, 0, 0, 0, 0, 0, 19
"c:\Users\hores\OneDrive - University College London\University\Year 2\COMP0016 - Systems Engineering\AudioVisuliserV3\assets\songData\cPAbx5kgCJo.json", "JSON", 33, 0, 0, 0, 0, 0, 0, 0, 0, 0, 0, 0, 0, 0, 1, 34
"c:\Users\hores\OneDrive - University College London\University\Year 2\COMP0016 - Systems Engineering\AudioVisuliserV3\assets\songData\hZ1Rb9hC4JY.json", "JSON", 19, 0, 0, 0, 0, 0, 0, 0, 0, 0, 0, 0, 0, 0, 0, 19
"c:\Users\hores\OneDrive - University College London\University\Year 2\COMP0016 - Systems Engineering\AudioVisuliserV3\assets\songData\kaOIxll4LCA.json", "JSON", 29, 0, 0, 0, 0, 0, 0, 0, 0, 0, 0, 0, 0, 0, 1, 30
"c:\Users\hores\OneDrive - University College London\University\Year 2\COMP0016 - Systems Engineering\AudioVisuliserV3\assets\songData\rnEB2F_v_cE.json", "JSON", 37, 0, 0, 0, 0, 0, 0, 0, 0, 0, 0, 0, 0, 0, 1, 38
"c:\Users\hores\OneDrive - University College London\University\Year 2\COMP0016 - Systems Engineering\AudioVisuliserV3\external\project\CMakeLists.txt", "CMake", 0, 0, 0, 0, 0, 0, 0, 0, 0, 0, 54, 0, 0, 0, 15, 69
"c:\Users\hores\OneDrive - University College London\University\Year 2\COMP0016 - Systems Engineering\AudioVisuliserV3\external\project\src\audio_utils.cpp", "C++", 0, 0, 0, 0, 0, 0, 0, 0, 0, 0, 0, 182, 0, 8, 35, 225
"c:\Users\hores\OneDrive - University College London\University\Year 2\COMP0016 - Systems Engineering\AudioVisuliserV3\external\project\src\audio_utils.hpp", "C++", 0, 0, 0, 0, 0, 0, 0, 0, 0, 0, 0, 8, 0, 2, 3, 13
"c:\Users\hores\OneDrive - University College London\University\Year 2\COMP0016 - Systems Engineering\AudioVisuliserV3\external\project\src\imwrite.cpp", "C++", 0, 0, 0, 0, 0, 0, 0, 0, 0, 0, 0, 124, 0, 3, 22, 149
"c:\Users\hores\OneDrive - University College London\University\Year 2\COMP0016 - Systems Engineering\AudioVisuliserV3\external\project\src\imwrite.hpp", "C++", 0, 0, 0, 0, 0, 0, 0, 0, 0, 0, 0, 4, 0, 8, 5, 17
"c:\Users\hores\OneDrive - University College London\University\Year 2\COMP0016 - Systems Engineering\AudioVisuliserV3\external\project\src\main.cpp", "C++", 0, 0, 0, 0, 0, 0, 0, 0, 0, 0, 0, 686, 0, 122, 96, 904
"c:\Users\hores\OneDrive - University College London\University\Year 2\COMP0016 - Systems Engineering\AudioVisuliserV3\package-lock.json", "JSON", 22768, 0, 0, 0, 0, 0, 0, 0, 0, 0, 0, 0, 0, 0, 1, 22769
"c:\Users\hores\OneDrive - University College London\University\Year 2\COMP0016 - Systems Engineering\AudioVisuliserV3\package.json", "JSON", 307, 0, 0, 0, 0, 0, 0, 0, 0, 0, 0, 0, 0, 0, 1, 308
"c:\Users\hores\OneDrive - University College London\University\Year 2\COMP0016 - Systems Engineering\AudioVisuliserV3\postcss.config.js", "JavaScript", 0, 6, 0, 0, 0, 0, 0, 0, 0, 0, 0, 0, 0, 0, 1, 7
"c:\Users\hores\OneDrive - University College London\University\Year 2\COMP0016 - Systems Engineering\AudioVisuliserV3\release\app\package-lock.json", "JSON", 1700, 0, 0, 0, 0, 0, 0, 0, 0, 0, 0, 0, 0, 0, 1, 1701
"c:\Users\hores\OneDrive - University College London\University\Year 2\COMP0016 - Systems Engineering\AudioVisuliserV3\release\app\package.json", "JSON", 22, 0, 0, 0, 0, 0, 0, 0, 0, 0, 0, 0, 0, 0, 1, 23
"c:\Users\hores\OneDrive - University College London\University\Year 2\COMP0016 - Systems Engineering\AudioVisuliserV3\server\index.js", "JavaScript", 0, 88, 0, 0, 0, 0, 0, 0, 0, 0, 0, 0, 0, 0, 20, 108
"c:\Users\hores\OneDrive - University College London\University\Year 2\COMP0016 - Systems Engineering\AudioVisuliserV3\src\__tests__\App.test.tsx", "TypeScript JSX", 0, 0, 0, 0, 0, 0, 0, 0, 8, 0, 0, 0, 0, 0, 2, 10
"c:\Users\hores\OneDrive - University College London\University\Year 2\COMP0016 - Systems Engineering\AudioVisuliserV3\src\components\Aiden\Aiden.tsx", "TypeScript JSX", 0, 0, 0, 0, 0, 0, 0, 0, 90, 0, 0, 0, 0, 2, 10, 102
"c:\Users\hores\OneDrive - University College London\University\Year 2\COMP0016 - Systems Engineering\AudioVisuliserV3\src\components\Backgrounds\MeshGradientBackground.tsx", "TypeScript JSX", 0, 0, 0, 0, 0, 0, 0, 0, 52, 0, 0, 0, 0, 1, 3, 56
"c:\Users\hores\OneDrive - University College London\University\Year 2\COMP0016 - Systems Engineering\AudioVisuliserV3\src\components\Database\Database.tsx", "TypeScript JSX", 0, 0, 0, 0, 0, 0, 0, 0, 92, 0, 0, 0, 0, 0, 9, 101
"c:\Users\hores\OneDrive - University College London\University\Year 2\COMP0016 - Systems Engineering\AudioVisuliserV3\src\components\Database\SongTable.tsx", "TypeScript JSX", 0, 0, 0, 0, 0, 0, 0, 0, 179, 0, 0, 0, 0, 0, 19, 198
"c:\Users\hores\OneDrive - University College London\University\Year 2\COMP0016 - Systems Engineering\AudioVisuliserV3\src\components\Database\databaseForm.tsx", "TypeScript JSX", 0, 0, 0, 0, 0, 0, 0, 0, 137, 0, 0, 0, 0, 0, 12, 149
"c:\Users\hores\OneDrive - University College London\University\Year 2\COMP0016 - Systems Engineering\AudioVisuliserV3\src\components\Library\AddSongForm.tsx", "TypeScript JSX", 0, 0, 0, 0, 0, 0, 0, 0, 150, 0, 0, 0, 0, 19, 13, 182
"c:\Users\hores\OneDrive - University College London\University\Year 2\COMP0016 - Systems Engineering\AudioVisuliserV3\src\components\Library\Library.tsx", "TypeScript JSX", 0, 0, 0, 0, 0, 0, 0, 0, 62, 0, 0, 0, 0, 0, 5, 67
"c:\Users\hores\OneDrive - University College London\University\Year 2\COMP0016 - Systems Engineering\AudioVisuliserV3\src\components\Particles\Particles.tsx", "TypeScript JSX", 0, 0, 0, 0, 0, 0, 0, 0, 206, 0, 0, 0, 0, 11, 24, 241
"c:\Users\hores\OneDrive - University College London\University\Year 2\COMP0016 - Systems Engineering\AudioVisuliserV3\src\components\SongDetails\SongDetails.tsx", "TypeScript JSX", 0, 0, 0, 0, 0, 0, 0, 0, 144, 0, 0, 0, 0, 1, 8, 153
"c:\Users\hores\OneDrive - University College London\University\Year 2\COMP0016 - Systems Engineering\AudioVisuliserV3\src\components\SongPlayer\Player.tsx", "TypeScript JSX", 0, 0, 0, 0, 0, 0, 0, 0, 234, 0, 0, 0, 0, 9, 26, 269
"c:\Users\hores\OneDrive - University College London\University\Year 2\COMP0016 - Systems Engineering\AudioVisuliserV3\src\components\SongSelector\FilterButton.tsx", "TypeScript JSX", 0, 0, 0, 0, 0, 0, 0, 0, 40, 0, 0, 0, 0, 0, 7, 47
"c:\Users\hores\OneDrive - University College London\University\Year 2\COMP0016 - Systems Engineering\AudioVisuliserV3\src\components\SongSelector\Player.tsx", "TypeScript JSX", 0, 0, 0, 0, 0, 0, 0, 0, 105, 0, 0, 0, 0, 0, 13, 118
"c:\Users\hores\OneDrive - University College London\University\Year 2\COMP0016 - Systems Engineering\AudioVisuliserV3\src\components\SongSelector\SongCard.tsx", "TypeScript JSX", 0, 0, 0, 0, 0, 0, 0, 0, 182, 0, 0, 0, 0, 9, 19, 210
"c:\Users\hores\OneDrive - University College London\University\Year 2\COMP0016 - Systems Engineering\AudioVisuliserV3\src\components\SongSelector\SongSelector.tsx", "TypeScript JSX", 0, 0, 0, 0, 0, 0, 0, 0, 387, 0, 0, 0, 0, 65, 24, 476
"c:\Users\hores\OneDrive - University College London\University\Year 2\COMP0016 - Systems Engineering\AudioVisuliserV3\src\components\Spotify\SpotifyApp.css", "CSS", 0, 0, 0, 0, 0, 0, 102, 0, 0, 0, 0, 0, 0, 1, 17, 120
"c:\Users\hores\OneDrive - University College London\University\Year 2\COMP0016 - Systems Engineering\AudioVisuliserV3\src\components\Spotify\SpotifyApp.js", "JavaScript", 0, 18, 0, 0, 0, 0, 0, 0, 0, 0, 0, 0, 0, 1, 6, 25
"c:\Users\hores\OneDrive - University College London\University\Year 2\COMP0016 - Systems Engineering\AudioVisuliserV3\src\components\Spotify\SpotifyPlayer.tsx", "TypeScript JSX", 0, 0, 0, 0, 0, 0, 0, 0, 27, 0, 0, 0, 0, 0, 11, 38
"c:\Users\hores\OneDrive - University College London\University\Year 2\COMP0016 - Systems Engineering\AudioVisuliserV3\src\components\Spotify\auth\Login.js", "JavaScript", 0, 13, 0, 0, 0, 0, 0, 0, 0, 0, 0, 0, 0, 0, 3, 16
"c:\Users\hores\OneDrive - University College London\University\Year 2\COMP0016 - Systems Engineering\AudioVisuliserV3\src\components\Spotify\auth\WebPlayback.jsx", "JavaScript JSX", 0, 0, 0, 0, 0, 0, 0, 0, 0, 124, 0, 0, 0, 0, 19, 143
"c:\Users\hores\OneDrive - University College London\University\Year 2\COMP0016 - Systems Engineering\AudioVisuliserV3\src\database\config.ts", "TypeScript", 0, 0, 0, 0, 57, 0, 0, 0, 0, 0, 0, 0, 0, 3, 9, 69
"c:\Users\hores\OneDrive - University College London\University\Year 2\COMP0016 - Systems Engineering\AudioVisuliserV3\src\database\init.ts", "TypeScript", 0, 0, 0, 0, 47, 0, 0, 0, 0, 0, 0, 0, 0, 22, 12, 81
"c:\Users\hores\OneDrive - University College London\University\Year 2\COMP0016 - Systems Engineering\AudioVisuliserV3\src\database\models\Song.ts", "TypeScript", 0, 0, 0, 0, 147, 0, 0, 0, 0, 0, 0, 0, 0, 2, 8, 157
"c:\Users\hores\OneDrive - University College London\University\Year 2\COMP0016 - Systems Engineering\AudioVisuliserV3\src\database\models\User.ts", "TypeScript", 0, 0, 0, 0, 27, 0, 0, 0, 0, 0, 0, 0, 0, 0, 7, 34
"c:\Users\hores\OneDrive - University College London\University\Year 2\COMP0016 - Systems Engineering\AudioVisuliserV3\src\hooks\useSongs.ts", "TypeScript", 0, 0, 0, 0, 22, 0, 0, 0, 0, 0, 0, 0, 0, 0, 5, 27
"c:\Users\hores\OneDrive - University College London\University\Year 2\COMP0016 - Systems Engineering\AudioVisuliserV3\src\main\main.ts", "TypeScript", 0, 0, 0, 0, 282, 0, 0, 0, 0, 0, 0, 0, 0, 29, 46, 357
"c:\Users\hores\OneDrive - University College London\University\Year 2\COMP0016 - Systems Engineering\AudioVisuliserV3\src\main\menu.ts", "TypeScript", 0, 0, 0, 0, 283, 0, 0, 0, 0, 0, 0, 0, 0, 0, 15, 298
"c:\Users\hores\OneDrive - University College London\University\Year 2\COMP0016 - Systems Engineering\AudioVisuliserV3\src\main\preload.ts", "TypeScript", 0, 0, 0, 0, 50, 0, 0, 0, 0, 0, 0, 0, 0, 3, 6, 59
"c:\Users\hores\OneDrive - University College London\University\Year 2\COMP0016 - Systems Engineering\AudioVisuliserV3\src\main\util.ts", "TypeScript", 0, 0, 0, 0, 11, 0, 0, 0, 0, 0, 0, 0, 0, 1, 2, 14
"c:\Users\hores\OneDrive - University College London\University\Year 2\COMP0016 - Systems Engineering\AudioVisuliserV3\src\particles\particleList.json", "JSON", 18, 0, 0, 0, 0, 0, 0, 0, 0, 0, 0, 0, 0, 0, 0, 18
"c:\Users\hores\OneDrive - University College London\University\Year 2\COMP0016 - Systems Engineering\AudioVisuliserV3\src\particles\particlePhysics.ts", "TypeScript", 0, 0, 0, 0, 199, 0, 0, 0, 0, 0, 0, 0, 0, 8, 11, 218
"c:\Users\hores\OneDrive - University College London\University\Year 2\COMP0016 - Systems Engineering\AudioVisuliserV3\src\particles\particleSelector.ts", "TypeScript", 0, 0, 0, 0, 60, 0, 0, 0, 0, 0, 0, 0, 0, 4, 12, 76
"c:\Users\hores\OneDrive - University College London\University\Year 2\COMP0016 - Systems Engineering\AudioVisuliserV3\src\particles\particles.ts", "TypeScript", 0, 0, 0, 0, 182, 0, 0, 0, 0, 0, 0, 0, 0, 32, 47, 261
"c:\Users\hores\OneDrive - University College London\University\Year 2\COMP0016 - Systems Engineering\AudioVisuliserV3\src\particles\sketch.ts", "TypeScript", 0, 0, 0, 0, 122, 0, 0, 0, 0, 0, 0, 0, 0, 20, 33, 175
"c:\Users\hores\OneDrive - University College London\University\Year 2\COMP0016 - Systems Engineering\AudioVisuliserV3\src\renderer\App.css", "CSS", 0, 0, 0, 0, 0, 0, 117, 0, 0, 0, 0, 0, 0, 29, 24, 170
"c:\Users\hores\OneDrive - University College London\University\Year 2\COMP0016 - Systems Engineering\AudioVisuliserV3\src\renderer\App.tsx", "TypeScript JSX", 0, 0, 0, 0, 0, 0, 0, 0, 60, 0, 0, 0, 0, 14, 5, 79
"c:\Users\hores\OneDrive - University College London\University\Year 2\COMP0016 - Systems Engineering\AudioVisuliserV3\src\renderer\index.ejs", "HTML", 0, 0, 0, 0, 0, 0, 0, 14, 0, 0, 0, 0, 0, 0, 1, 15
"c:\Users\hores\OneDrive - University College London\University\Year 2\COMP0016 - Systems Engineering\AudioVisuliserV3\src\renderer\index.tsx", "TypeScript JSX", 0, 0, 0, 0, 0, 0, 0, 0, 19, 0, 0, 0, 0, 2, 5, 26
"c:\Users\hores\OneDrive - University College London\University\Year 2\COMP0016 - Systems Engineering\AudioVisuliserV3\src\renderer\preload.d.ts", "TypeScript", 0, 0, 0, 0, 7, 0, 0, 0, 0, 0, 0, 0, 0, 1, 3, 11
"c:\Users\hores\OneDrive - University College London\University\Year 2\COMP0016 - Systems Engineering\AudioVisuliserV3\src\renderer\threetest.jsx", "JavaScript JSX", 0, 0, 0, 0, 0, 0, 0, 0, 0, 54, 0, 0, 0, 7, 14, 75
"c:\Users\hores\OneDrive - University College London\University\Year 2\COMP0016 - Systems Engineering\AudioVisuliserV3\src\seupProxy.js", "JavaScript", 0, 20, 0, 0, 0, 0, 0, 0, 0, 0, 0, 0, 0, 0, 2, 22
"c:\Users\hores\OneDrive - University College London\University\Year 2\COMP0016 - Systems Engineering\AudioVisuliserV3\src\shader\ShaderVisuals.jsx", "JavaScript JSX", 0, 0, 0, 0, 0, 0, 0, 0, 0, 616, 0, 0, 0, 39, 78, 733
"c:\Users\hores\OneDrive - University College London\University\Year 2\COMP0016 - Systems Engineering\AudioVisuliserV3\src\shader\songList.json", "JSON", 13, 0, 0, 0, 0, 0, 0, 0, 0, 0, 0, 0, 0, 0, 1, 14
"c:\Users\hores\OneDrive - University College London\University\Year 2\COMP0016 - Systems Engineering\AudioVisuliserV3\src\styles.css", "CSS", 0, 0, 0, 0, 0, 0, 46, 0, 0, 0, 0, 0, 0, 1, 3, 50
"c:\Users\hores\OneDrive - University College London\University\Year 2\COMP0016 - Systems Engineering\AudioVisuliserV3\src\theme\colors.ts", "TypeScript", 0, 0, 0, 0, 27, 0, 0, 0, 0, 0, 0, 0, 0, 0, 2, 29
"c:\Users\hores\OneDrive - University College London\University\Year 2\COMP0016 - Systems Engineering\AudioVisuliserV3\src\types\electron.d.ts", "TypeScript", 0, 0, 0, 0, 16, 0, 0, 0, 0, 0, 0, 0, 0, 0, 2, 18
"c:\Users\hores\OneDrive - University College London\University\Year 2\COMP0016 - Systems Engineering\AudioVisuliserV3\src\youtube\youtubeToMP3.js", "JavaScript", 0, 147, 0, 0, 0, 0, 0, 0, 0, 0, 0, 0, 0, 13, 25, 185
"c:\Users\hores\OneDrive - University College London\University\Year 2\COMP0016 - Systems Engineering\AudioVisuliserV3\src\youtube\youtubeToWav.js", "JavaScript", 0, 96, 0, 0, 0, 0, 0, 0, 0, 0, 0, 0, 0, 10, 18, 124
"c:\Users\hores\OneDrive - University College London\University\Year 2\COMP0016 - Systems Engineering\AudioVisuliserV3\tailwind.config.js", "JavaScript", 0, 7, 0, 0, 0, 0, 0, 0, 0, 0, 0, 0, 0, 0, 1, 8
"c:\Users\hores\OneDrive - University College London\University\Year 2\COMP0016 - Systems Engineering\AudioVisuliserV3\tsconfig.json", "JSON with Comments", 0, 0, 0, 18, 0, 0, 0, 0, 0, 0, 0, 0, 0, 0, 1, 19
"Total", "-", 25369, 596, 113, 18, 2162, 589, 405, 234583, 2174, 794, 54, 1004, 61, 761, 16838, 285521